y[k-1],y[k-2],u[k-1],exec time,seed
1.7954167450192213,-0.9440842046989066,0.09984950883600802,980.4973862171173,12
1.7939799996497048,-0.943221937954888,0.09933878852618924,994.74840092659,8
1.786908133467319,-0.9342658258628264,0.09810144397312989,1120.4906344413757,16
1.7898904421632633,-0.9378967418074304,0.09856375809724162,1209.3381066322327,4
1.7947229548821235,-0.9436779647241288,0.09966793334485186,1374.4836373329163,30
1.7920200729349194,-0.9398897121139728,0.09906522302836193,1506.058126449585,24
1.7967049118710068,-0.9456824409176775,0.0995223466567036,1582.2368586063385,6
